capacity_factor,rt_basis_mean,rt_basis_std,da_basis_mean,da_basis_std,rt_hub_std,rt_busbar_std,da_hub_std,da_busbar_std,corr_gen_rt_hub,corr_gen_rt_busbar,corr_gen_da_hub,corr_gen_da_busbar,neg_rt_hub_pct,neg_rt_busbar_pct,neg_da_hub_pct,neg_da_busbar_pct
0.2070754638077859,11.363335386253041,88.45264955670953,9.678680428832116,31.978929017439714,155.84239533121556,122.38406627139949,137.35238224803769,124.24070414154407,0.08184072862802315,0.017425484095739144,0.1014102440635479,0.05672897610414614,0.021935827250608272,0.1723692214111922,0.0018628345498783454,0.08314324817518248
