capacity_factor,da_basis_mean,da_basis_std,da_hub_std,da_busbar_std,corr_gen_da_hub,corr_gen_da_busbar,neg_da_hub_pct,neg_da_busbar_pct
0.2005455063868613,12.851488746958637,15.029011743601247,20.60392783729696,25.834068615039214,-0.09584418453066491,-0.10206031266451189,0.0030793795620437958,0.20494981751824817
